"Reference","Value","Footprint","Qty","型号","立创编号"
"C1,C3,C8,C9,C10,C11,C13,C16,C18,C19,C20,C21,C27,C29,C30,C31,C32,C33,C34,C38,C39,C41,C42,C43,C47,C49,C53,C57,C59,C60","100nF","0_Capacitor_SMD:C_0603_1608Metric","30","0603B104K500NT","C30926"
"C2,C12,C17,C22","4.7uF","0_Capacitor_SMD:C_0603_1608Metric","4","0603X475M100NT","C2857987"
"C4,C5,C6","47nF","0_Capacitor_SMD:C_0603_1608Metric","3","0603B473K500NT","C285123"
"C7","1nF","0_Capacitor_SMD:C_0603_1608Metric","1","0603B102K500NT","C44369"
"C14,C15","12pF","0_Capacitor_SMD:C_0603_1608Metric","2","0603CG120J500NT","C1642"
"C23,C44,C45,C46,C56,C58","10uF","0_Capacitor_SMD:C_0603_1608Metric","6","0603X106K160NT","C70225"
"C24,C25,C35,C36,C37,C51,C52,C54,C55","10uF","Capacitor_SMD:C_1206_3216Metric","9","1206X106K500NT","C116702"
"C26,C28,C48,C50","100uF","Capacitor_THT:CP_Radial_D8.0mm_P3.50mm","4","CD2881071HM0812VFL","C7493835"
"C40","22nF","0_Capacitor_SMD:C_0603_1608Metric","1","0603B223K500NT","C77571"
"D1","XL-3210UGC","0_LED_SMD:LED_1204_3210","1","XL-3210UGC","C965877"
"D2","XL-3210UBC","0_LED_SMD:LED_1204_3210","1","XL-3210UBC","C965879"
"D3","PESD24VL2B","Package_TO_SOT_SMD:SOT-23","1","PESD24VL2B","C28310452"
"D4","XL-3210SURC","0_LED_SMD:LED_1204_3210","1","XL-3210SURC","C965874"
"D5","SMF26A","Diode_SMD:D_SMF","1","SMF26A","C41376090"
"D6","SMF12A","Diode_SMD:D_SMF","1","SMF12A","C19077506"
"D7,D8","1N5819WS","Diode_SMD:D_SOD-323_HandSoldering","2","1N5819WS","C2927280"
"D9","SB1045L","Package_TO_SOT_SMD:TO-277A","1","SB1045L","C5277965"
"D10,D11","SMCJ28A","Diode_SMD:D_SMC","2","SMCJ28A","C42371538"
"D12","1N5819W","Diode_SMD:D_SOD-123F","1","1N5819W","C963381"
"F1","1206L010/60NR","Fuse:Fuse_1206_3216Metric","1","1206L010/60NR","C7542927"
"F2","2010T5A250V","0_Fuse:Fuse_Littelfuse_395Series","1","2010T5A250V","C354906"
"J1,J2","MMCX-KWE","0_Connector_RF:MMCX_KWE_TH_Horizontal","2","MMCX-KWE","C5137199"
"J3","MX1.25-2PIN","Connector_Molex:Molex_PicoBlade_53398-0271_1x02-1MP_P1.25mm_Vertical","1","ZX-MX1.25-2PLT","C7430473"
"J4","GH1.25-2PIN","Connector_JST:JST_GH_BM02B-GHS-TBT_1x02-1MP_P1.25mm_Vertical","1","ZX-BX-GH1.25-LT2","C7429506"
"J5","GH1.25-4PIN","Connector_JST:JST_GH_BM04B-GHS-TBT_1x04-1MP_P1.25mm_Vertical","1","ZX-BX-GH1.25-LT4","C7429508"
"J6,J7","ZH1.5_4PIN","0_Connector_JST:JST_ZH_1x04_-1MP_P1.5mm_MIX_MX_1x04-1MP_P1.25_Horizontal","2","ZX-ZH1.5-4PWT","C19272407"
"L1","330R@100Mhz","Inductor_SMD:L_0805_2012Metric","1","BLM21PG331SN1D","C74764"
"L2,L3","APSWPA252012S220MTF","Inductor_SMD:L_Sunlord_SWPA252012S","2","APSWPA252012S220MTF","C42380099"
"Q1","DTC143ZCA","Package_TO_SOT_SMD:SOT-23","1","DTC143ZCA","C194251"
"Q2","AGM60P100A","Package_DFN_QFN:AO_DFN-8-1EP_5.55x5.2mm_P1.27mm_EP4.12x4.6mm","1","AGM60P100A","C5373096"
"Q3,Q4","IRFH7440","Package_TO_SOT_SMD:TDSON-8-1","2","IRFH7440","C67862"
"R1,R2,R3,R4,R5,R6,R30,R35","10K","0_Resustor_SMD:R_0603_1608Metric","8","RS-03K1002FT","C115324"
"R7,R8,R9,R10","1M","0_Resustor_SMD:R_0603_1608Metric","4","RS-03K1004FT","C136593"
"R11,R17","200K","0_Resustor_SMD:R_0603_1608Metric","2","RS-03K2003FT","C95331"
"R12","20K","0_Resustor_SMD:R_0603_1608Metric","1","RS-03K2002FT","C136589"
"R13,R14,R15,R16","62K","0_Resustor_SMD:R_0603_1608Metric","4","RS-03K6202FT","C95332"
"R18,R19,R20,R21","330R","0_Resustor_SMD:R_0603_1608Metric","4","RS-03K3300FT","C125768"
"R22,R25,R33,R34,R37","47R","0_Resustor_SMD:R_0603_1608Metric","5","RS-03K47R0FT","C140087"
"R23,R24,R27,R32,R38,R39,R52,R53,R54,R55","4K7","0_Resustor_SMD:R_0603_1608Metric","10","RS-03K4701FT","C116693"
"R26,R29,R31,R40,R41,R42,R47,R48","47K","0_Resustor_SMD:R_0603_1608Metric","8","RS-03K4702FT","C136590"
"R28","120R","0_Resustor_SMD:R_0603_1608Metric","1","RS-03K1200FT","C310266"
"R36,R43,R44","3K3","0_Resustor_SMD:R_0603_1608Metric","3","RS-03K3301FT","C118393"
"R45,R46","0R","0_Resustor_SMD:R_0603_1608Metric","2","RS-03000JT","C115304"
"R49","39K","0_Resustor_SMD:R_0603_1608Metric","1","RS-03K3902FT","C304745"
"R50","18K","0_Resustor_SMD:R_0603_1608Metric","1","RS-03K1802FT","C140113"
"R51","R002","0_Resustor_SMD:R_Shunt_2512_6332Metric","1","HoSS2512-3W-2mR-1%","C5336185"
"R56","R004","0_Resustor_SMD:R_Shunt_2512_6332Metric","1","HoSS2512-3W-4mR-1%","C5336187"
"SW1","TS-1086EV-16","0_Button_Switch_SMD:SW_Push_1P1T-MP_NO_TS-1086EV-AR03526","1","TS-1086EV-16","C455277"
"SW2","DIP-1PIN-TH","Button_Switch_THT:SW_DIP_SPSTx01_Slide_9.78x4.72mm_W7.62mm_P2.54mm","1","BX-DS2.54-1PZC","C18078246"
"TH1","B3950-100K","0_Resustor_SMD:R_0603_1608Metric","1","SDNT1608X104F3950FTF","C919169"
"U1,U5,U6","USBLC6-2SC6","Package_TO_SOT_SMD:SOT-23-6","3","USBLC6-2SC6","C21713975"
"U2","INA193","Package_TO_SOT_SMD:SOT-23-5","1","INA193AIDBVR","C19548"
"U3","TLV9061","Package_TO_SOT_SMD:SOT-23-5","1","TLV9061IDBVR","C398358"
"U4","TCAN1044","Package_TO_SOT_SMD:SOT-23-8","1","TCAN1044ADDFRQ1","C3236212"
"U7","STM32G431CxTx","Package_QFP:LQFP-48_7x7mm_P0.5mm","1","STM32G431CBT6","C529355"
"U8,U9","MP2456","Package_TO_SOT_SMD:SOT-23-6","2","MP2456GJ-Z","C88045"
"U10","RT9193","Package_TO_SOT_SMD:SOT-23-5","1","RT9193-33GB","C15651"
"U11","74LVC1G32","Package_TO_SOT_SMD:SOT-23-5","1","SN74LVC1G32DBVR","C19829663"
"U12","74LVC1G08","Package_TO_SOT_SMD:SOT-23-5","1","SN74LVC1G08DBVR","C19829660"
"U13","LM5109","Package_SO:SOIC-8_3.9x4.9mm_P1.27mm","1","LM5109BMAX/NOPB","C116862"
"XT1,XT2","XT30U-M","0_Connector_AMASS:AMASS_XT30U-M_1x02_P5.0mm_Vertical","2","XT30U-M","C99101"
"XT3","XT30U-F","0_Connector_AMASS:AMASS_XT30U-F_1x02_P5.0mm_Vertical","1","XT30U-F","C99102"
"Y1","25M","Crystal:Crystal_SMD_2016-4Pin_2.0x1.6mm","1","XL7EL89CKI-111YLC-25M","C19711739"
